-- RESOURCES(BOOKS)
 
INSERT INTO RESOURCES VALUES (0000001, 1, 2, 1, 3); 
INSERT INTO RESOURCES VALUES (0000002, 1, 2, 1, 3); 
INSERT INTO RESOURCES VALUES (0000003, 1, 2, 1, 3); 
INSERT INTO RESOURCES VALUES (0000010, 1, 14, 2, 9); 
INSERT INTO RESOURCES VALUES (0000011, 1, 14, 2, 9); 
INSERT INTO RESOURCES VALUES (0000012, 1, 14, 2, 9); 
 
-- RESOURCES (CD/DVDS)

INSERT INTO RESOURCES VALUES (1000000, 1, 14, 0, 6); 
INSERT INTO RESOURCES VALUES (1000001, 1, 14, 0, 6); 
INSERT INTO RESOURCES VALUES (1000002, 1, 14, 0, 6); 
INSERT INTO RESOURCES VALUES (1000010, 1, 2, 0, 6); 
INSERT INTO RESOURCES VALUES (1000011, 1, 2, 0, 6); 
INSERT INTO RESOURCES VALUES (1000012, 1, 2, 0, 6); 
INSERT INTO RESOURCES VALUES (1000020, 1, 14, 0, 6); 
INSERT INTO RESOURCES VALUES (1000021, 1, 14, 0, 6); 
INSERT INTO RESOURCES VALUES (1000022, 1, 14, 0, 6); 
 
-- RESOURCES (VIDEOS)

INSERT INTO RESOURCES VALUES (2000000, 1, 0, 0, 6); 
INSERT INTO RESOURCES VALUES (2000001, 1, 0, 0, 6); 
INSERT INTO RESOURCES VALUES (2000002, 1, 0, 0, 6); 
INSERT INTO RESOURCES VALUES (2000003, 1, 0, 0, 6); 
INSERT INTO RESOURCES VALUES (2000004, 1, 0, 0, 6); 
INSERT INTO RESOURCES VALUES (2000005, 1, 0, 0, 6); 
 
-- VIDEOS

INSERT INTO VIDEO VALUES (0000001, 2000000, 'INTRODUCTION TO PYTHON', 'DEPARTMENT OF EECS',TO_DATE('1-DEC-2019','DD-MON-YYYY')); 
INSERT INTO VIDEO VALUES (0000002, 2000001, 'INTRODUCTION TO SQL', 'DEPARTMENT OF EECS',TO_DATE('2-DEC-2019','DD-MON-YYYY')); 
INSERT INTO VIDEO VALUES (0000002, 2000002, 'INTRODUCTION TO JAVA', 'DEPARTMENT OF EECS',TO_DATE('3-DEC-2019','DD-MON-YYYY')); 
INSERT INTO VIDEO VALUES (0000004, 2000003, 'INTRODUCTION TO MICROECONOMICS', 'DEPARTMENT OF ECON', TO_DATE('4-JAN-2018','DD-MON-YYYY')); 
INSERT INTO VIDEO VALUES (0000005, 2000004, 'INTRODUCTION TO MACROECONOMICS', 'DEPARTMENT OF ECON', TO_DATE('6-JAN-2018','DD-MON-YYYY')); 
INSERT INTO VIDEO VALUES (0000006, 2000005, 'INTRODUCTION TO INTL DEVELOPMENT', 'DEPARTMENT OF ECON', TO_DATE('8-JAN-2018','DD-MON-YYYY')); 

-- BOOKS

INSERT INTO BOOK VALUES ('EC123', 0000001, 'INTRODUCTION TO MICROECON', 'DEPARTMENT OF ECON',TO_DATE('12-JAN-2018','DD-MON-YYYY')); 
INSERT INTO BOOK VALUES ('EC123', 0000002, 'INTRODUCTION TO MICROECON', 'DEPARTMENT OF ECON',TO_DATE('12-JAN-2018','DD-MON-YYYY')); 
INSERT INTO BOOK VALUES ('EC123', 0000003, 'INTRODUCTION TO MICROECON', 'DEPARTMENT OF ECON',TO_DATE('12-JAN-2018','DD-MON-YYYY')); 
INSERT INTO BOOK VALUES ('COMPENG', 0000010, 'INTRODUCTION TO PROGRAMMING', 'FABRIZIO',TO_DATE('01-JAN-2018','DD-MON-YYYY')); 
INSERT INTO BOOK VALUES ('COMPENG', 0000011, 'INTRODUCTION TO PROGRAMMING', 'FABRIZIO',TO_DATE('01-JAN-2018','DD-MON-YYYY')); 
INSERT INTO BOOK VALUES ('COMPENG', 0000012, 'INTRODUCTION TO PROGRAMMING', 'FABRIZIO',TO_DATE('01-JAN-2018','DD-MON-YYYY')); 
 
-- CDDVDs

INSERT INTO CDDVD VALUES (1, 1000000, 'CD 1', 'Author 1', TO_DATE('3-DEC-1990','DD-MON-YYYY'));   
INSERT INTO CDDVD VALUES (1, 1000001, 'CD 1', 'Author 1', TO_DATE('3-DEC-1990','DD-MON-YYYY'));   
INSERT INTO CDDVD VALUES (1, 1000002, 'CD 1', 'Author 1', TO_DATE('3-DEC-1990','DD-MON-YYYY'));  
INSERT INTO CDDVD VALUES (2, 1000010, 'CD 2', 'Author 2', TO_DATE('1-JAN-2000','DD-MON-YYYY'));  
INSERT INTO CDDVD VALUES (2, 1000011, 'CD 2', 'Author 2', TO_DATE('1-JAN-2000','DD-MON-YYYY'));  
INSERT INTO CDDVD VALUES (2, 1000012, 'CD 2', 'Author 2', TO_DATE('1-JAN-2000','DD-MON-YYYY')); 
 
-- MEMBERS

INSERT INTO MEMBER VALUES (0000001, 0);  
INSERT INTO MEMBER VALUES (0000002, 0);  
INSERT INTO MEMBER VALUES (0000003, 0);  
INSERT INTO MEMBER VALUES (0000004, 0);  
INSERT INTO MEMBER VALUES (0000005, 0);  
INSERT INTO MEMBER VALUES (0000006, 12);  
INSERT INTO MEMBER VALUES (0000007, 0);  
INSERT INTO MEMBER VALUES (0000008, 0);  
INSERT INTO MEMBER VALUES (0000009, 0);  
INSERT INTO MEMBER VALUES (00000010, 0); 
INSERT INTO MEMBER VALUES (00000011, 0); 
 
-- FINEPAYMENT

INSERT INTO FINEPAYMENT VALUES (1, 1,  TO_DATE('1-MAY-2019', 'DD-MON-YYYY'), 10);  
INSERT INTO FINEPAYMENT VALUES (2, 3,  TO_DATE('1-DEC-2019', 'DD-MON-YYYY'), 15); 
 
-- STUDENT

INSERT INTO STUDENT VALUES (1, 1,  'STUDENT A', 'STUDENT.A@QMUL.AC.UK', '+44000000001'); 
INSERT INTO STUDENT VALUES (2, 2,  'STUDENT B', 'STUDENT.B@QMUL.AC.UK', '+44000000002');  
INSERT INTO STUDENT VALUES (3, 3,  'STUDENT C', 'STUDENT.C@QMUL.AC.UK', '+44000000003');  
INSERT INTO STUDENT VALUES (4, 4,  'STUDENT D', 'STUDENT.D@QMUL.AC.UK', '+44000000004');  
INSERT INTO STUDENT VALUES (5, 5,  'STUDENT E', 'STUDENT.E@QMUL.AC.UK', '+44000000005'); 

 
-- STAFF
INSERT INTO STAFF VALUES (6, 6,'STAFF A', 'STAFF.A@QMUL.AC.UK', '+4400000100');  
INSERT INTO STAFF VALUES (7, 7,'STAFF B', 'STAFF.B@QMUL.AC.UK', '+4400000200');  
INSERT INTO STAFF VALUES (8, 8, 'STAFF C', 'STAFF.C@QMUL.AC.UK', '+4400000300');  
INSERT INTO STAFF VALUES (9, 9, 'STAFF D', 'STAFF.D@QMUL.AC.UK', '+4400000400');  
INSERT INTO STAFF VALUES (10, 10, 'STAFF E', 'STAFF.E@QMUL.AC.UK', '+4400000500'); 
INSERT INTO STAFF VALUES (11, 11, 'STAFF F', 'STAFF.F@QMUL.AC.UK', '+4400000600'); 
 
-- LOAN

INSERT INTO LOAN VALUES (0000000001, 1, 1, TO_DATE('1-NOV-2019', 'DD-MON-YYYY')); 
INSERT INTO LOAN VALUES (0000000002, 2, 2, TO_DATE('2-NOV-2019', 'DD-MON-YYYY')); 
INSERT INTO LOAN VALUES (0000000003, 6, 12, TO_DATE('2-NOV-2019', 'DD-MON-YYYY')); 
INSERT INTO LOAN VALUES (0000000004, 6, 11, TO_DATE('2-NOV-2019', 'DD-MON-YYYY')); 
INSERT INTO LOAN VALUES (0000000005, 6, 10, TO_DATE('2-NOV-2019', 'DD-MON-YYYY')); 
 
-- LOANARCHIVE

INSERT INTO LOANARCHIVE VALUES (1, 6, 12, TO_DATE('2-NOV-2016', 'DD-MON-YYYY'),  TO_DATE('4-NOV-2016', 'DD-MON-YYYY'));  
INSERT INTO LOANARCHIVE VALUES (2, 3, 2, TO_DATE('2-DEC-2017', 'DD-MON-YYYY'),  TO_DATE('4-DEC-2017', 'DD-MON-YYYY'));  
INSERT INTO LOANARCHIVE VALUES (3, 3, 2, TO_DATE('13-DEC-2017','DD-MON-YYYY'),  TO_DATE('14-DEC-2017', 'DD-MON-YYYY')); 

-- RESERVATION

INSERT INTO RESERVATION VALUES (1, 1, 1, TO_DATE('1-NOV-2019', 'DD-MON-YYYY'), 0);  
INSERT INTO RESERVATION VALUES (2, 2, 1, TO_DATE('2-NOV-2019', 'DD-MON-YYYY'), 0);   
INSERT INTO RESERVATION VALUES (3, 1, 1, TO_DATE('2-DEC-2019', 'DD-MON-YYYY'), 1); 
INSERT INTO RESERVATION VALUES (4, 1, 1, TO_DATE('2-JAN-2020', 'DD-MON-YYYY'), 2); 
